Response ID,Submitted Time (Asia/Calcutta),Name of the respondent,Gender of the respondent,Age of the respondent,Hobbies of the respondent_Reading books,Hobbies of the respondent_Listening to Music,Hobbies of the respondent_Playing Sports,Hobbies of the respondent_Watching Movies,Hobbies of the respondent_Gardening,Mobile number of the respondent
f8482f67-ab14-4729-b8d4-9a54cf5b9f00,25-09-2019 19:43,Jeremy,Male,28,No,Yes,Yes,No,No,US(+1)-2025550180
6eef9175-2d2f-48f7-b474-e30e3a68fef4,24-09-2019 19:03,Chuck,Male,30,No,No,Yes,Yes,No,US(+1)-2075550173
87dfc8c9-2335-4e8c-88d3-36654f871614,24-09-2019 19:06,Dixie,Male,26,Yes,No,Yes,No,Yes,ZA(+27)-605559400
3101b2d4-e3e5-4a72-8c63-7793bde395ae,24-09-2019 19:11,Luigi,Female,40,Yes,No,No,Yes,No,ZA(+27)-710555768
165b6b81-c84e-42dc-8dac-e504d70c2a75,24-09-2019 19:09,Melaine,Male,24,No,Yes,No,No,Yes,ZA(+27)-605559885
ba6c7386-c332-4b97-881a-dfcba2ba201e,24-09-2019 19:08,Robby,Male,30,Yes,No,No,No,No,ZA(+27)-825555302
f47abf87-fc27-431f-9855-413ec72d3267,24-09-2019 19:00,Violet,Female,31,Yes,No,No,No,No,US(+1)-2075550183
7d355f46-608a-4685-8637-14da6b54a448,24-09-2019 18:57,Jay,Male,21,Yes,No,Yes,Yes,No,US(+1)-4045550186
5e5e0f87-3eec-41d2-9d17-1dfef69e4a26,24-09-2019 18:59,Lacey,Female,36,Yes,No,Yes,No,No,US(+1)-2075550104
0b6e3fc7-260f-44e8-aeca-bd3f67b0373c,24-09-2019 18:53,Ramiro,Male,29,No,No,No,No,Yes,US(+1)-4045550145
8bbf37df-ff9d-4d0b-8ad7-bb6f5a17126b,24-09-2019 18:58,Rena,Female,25,Yes,No,No,No,Yes,US(+1)-4045550102
7979df05-a965-44b6-a438-c62414bac7c8,24-09-2019 18:56,Barrett,Male,27,No,No,Yes,No,No,US(+1)-4045550186
3312a05b-89dc-4730-b66c-4a72b0f7d631,24-09-2019 18:55,Gary,Male,22,No,No,Yes,Yes,No,US(+1)-4045550148
f8825ba4-782d-4e04-a0e7-05f6dd7700c4,24-09-2019 18:54,Randall,Male,30,No,No,No,Yes,No,US(+1)-4045550148
7407a2cb-529a-4975-af21-0290b198deb3,24-09-2019 18:52,Ivy,Female,24,No,No,Yes,No,No,US(+1)-4045550146
91154c85-6ecd-45e5-ba2a-b6ed5cfba613,24-09-2019 18:31,Shawna,Female,23,Yes,No,No,No,Yes,IN(+91)-8085236492
3543b0b5-5f00-4449-8408-2a501b2717df,24-09-2019 18:27,Sonya,Female,26,No,No,No,Yes,No,IN(+91)-9665321547
a1117c3d-1cd9-48c8-9f3a-be4d1a9d6ebc,24-09-2019 18:32,Fabian,Male,26,No,No,No,No,Yes,IN(+91)-8875461325
ef459d07-3271-46aa-8ccf-49730c7c45af,24-09-2019 18:35,Darrel,Male,31,No,No,No,No,Yes,IN(+91)-7946132568
c5d9fd6e-e4cc-4cd9-b5b7-28560095cf41,24-09-2019 18:34,Sheila,Female,30,No,No,No,Yes,No,IN(+91)-7845123659
21001c0c-8a78-45cf-b5e6-467362176e5a,24-09-2019 18:28,Joel,Male,18,No,No,No,Yes,Yes,IN(+91)-9000562354
bfb6d986-6daa-4c28-a958-6bae917fd87e,24-09-2019 18:29,Verna,Female,28,No,No,Yes,No,No,IN(+91)-9080704588
d2400b0d-e536-44f8-9db2-ce9e8ed00a1e,24-09-2019 19:07,Leigh,Female,30,No,No,No,No,Yes,ZA(+27)-605559885
fd732d2f-f88f-49de-955f-37be509c3cf3,24-09-2019 19:05,Willie,Male,20,No,No,No,No,Yes,ZA(+27)-775554788
700971be-ff38-454f-8313-aa0c2ef10070,24-09-2019 19:10,Randolph,Male,28,Yes,No,No,No,Yes,ZA(+27)-795553611
9219a16f-4efd-4a47-afc7-ab97e85ced6b,24-09-2019 19:13,Weston,Male,19,No,Yes,Yes,Yes,No,ZA(+27)-605555923
889b3951-8954-4a0b-b158-590cff7dd4e9,25-09-2019 16:17,Tobias,Male,23,Yes,No,Yes,No,No,AU(+61)-455582595
f9908883-63a4-4f21-96f1-903d4f7eaa58,25-09-2019 16:20,Ameera,Female,37,Yes,No,No,Yes,No,AU(+61)-455537142
9180b8ca-4a04-4c58-a1b0-6e2d7543a515,25-09-2019 16:23,Kayley,Female,40,Yes,No,No,Yes,No,AU(+61)-455520429
9e020e2a-63b4-4d67-82b7-e6326b2a9370,25-09-2019 16:21,Isma,Male,21,No,Yes,No,Yes,No,AU(+61)-455566300
f116acc9-f193-45a4-bcb7-ae4db1a7f9bc,25-09-2019 16:19,Avani,Female,26,No,No,No,Yes,No,AU(+61)-455537490
42eb52d0-8155-4649-a057-022ae21ac44c,25-09-2019 16:25,Nafisa,Female,21,No,Yes,Yes,No,No,RU(+7)-9525559330
58b66b9e-358e-4b2e-b29c-87b6cf2d9854,24-09-2019 19:42,Kenneth,Male,25,Yes,No,No,Yes,No,AE(+971)-525558050
9c73d674-c3ac-4788-9b0c-3a0f96edeefe,24-09-2019 19:27,Elaine,Male,32,No,Yes,No,Yes,No,AE(+971)-585554794
f7e01a0b-81c8-4ec6-b9ba-48a39e4076fd,25-09-2019 11:08,Santosh,Male,36,Yes,No,No,No,Yes,AU(+61)-1900654321
182dc58f-ef61-4e39-880f-fb28fef3e096,25-09-2019 16:16,Sierra,Female,19,Yes,No,No,Yes,No,AU(+61)-455584112
24f23b73-ab85-42f3-b073-80ed2376caf4,24-09-2019 18:31,Shawna,Male,26,No,Yes,No,No,No,IN(+91)-8965321457
55b15e89-d330-4a66-94f7-3b6ac2b96e29,24-09-2019 19:31,Major,Male,18,No,No,Yes,No,No,AE(+971)-525552035
b9df730c-8094-4f6e-8647-a28e3bcfdea5,24-09-2019 19:43,Marc,Male,20,No,No,Yes,Yes,No,AE(+971)-505556924
20279723-f17d-4805-aa59-11d6133bcd90,24-09-2019 19:28,Hyman,Male,28,No,No,No,Yes,No,AE(+971)-505552790
95eded8a-aa3c-4b82-80f1-828207115859,24-09-2019 19:20,Andy,Male,28,No,Yes,No,Yes,No,AE(+971)-525557498
8d7cafbe-231f-47be-8e81-f0321dfe5b42,24-09-2019 19:16,Santiago,Male,27,Yes,No,Yes,No,Yes,ZA(+27)-812555960
a4615d6c-5998-4fb5-a9d1-0c09199de89d,24-09-2019 19:21,Myrtle,Female,25,No,Yes,No,Yes,No,AE(+971)-585553501
58631784-211f-43f9-8a98-0ae3950951d0,24-09-2019 19:17,Wilbert,Male,30,Yes,No,No,No,Yes,ZA(+27)-795553611
f872c3e9-32d5-4a6e-8916-58bb95233732,24-09-2019 19:26,Pierre,Male,37,No,Yes,No,Yes,No,AE(+971)-545557305
7db3dadb-5d90-4f9e-82a1-ab3714afeb90,24-09-2019 19:15,Hosea,Male,36,No,No,Yes,Yes,No,ZA(+27)-825554496
7aae2cd0-a9a7-4d8d-a898-3b2881755504,24-09-2019 19:13,Selma,Female,19,Yes,Yes,No,No,Yes,ZA(+27)-710555768
f5ea8320-d52e-462e-b5b5-aa0c633f1835,24-09-2019 19:01,Tara,Female,30,Yes,No,No,No,Yes,US(+1)-2075550122
0a42847a-429b-4077-a109-2c490082eafa,24-09-2019 19:29,Lois,Female,30,No,No,No,Yes,Yes,AE(+971)-525552035
33cb767c-d84e-4d9a-b136-8cf29f6e4b13,24-09-2019 18:34,Gabriel,Male,28,Yes,Yes,No,No,Yes,IN(+91)-9764312356
